"","Species","Estimate","Est.Error","l-95% CI","u-95% CI","Rhat","Bulk_ESS","Tail_ESS","nobs","effect"
"Intercept","Salix richardsonii",177.131962117859,4.61736509803632,167.882318641185,186.491334963824,1.00066577565109,2752.17814803156,2308.62352072479,6,"fixed"
"Southern Source","Salix richardsonii",-2.37123239867573,5.5652874210815,-13.6700312541723,8.71968006599193,1.00114355896007,2503.88938221861,1850.69551796591,6,"fixed"
"Year","Salix richardsonii",2.1135381208313,2.1523423708295,0.0539884684636831,7.75311079845022,1.00236187359396,1814.273899352,1879.92124639963,6,"random"
"Sigma","Salix richardsonii",3.24024026377721,1.1208508647292,1.76008932979841,6.00972658810877,1.00091133906773,2941.12159198139,3024.99709552696,6,"residual"
"Intercept1","Salix pulchra",171.10243494545,3.58905380374804,164.134558108347,178.507167912357,1.00175263826465,2597.58057986436,2452.75925802042,8,"fixed"
"Southern Source1","Salix pulchra",4.83182425986413,6.62743974636173,-8.67084035461806,17.9275290400423,1.00222015216526,2072.52378273238,2050.16895756584,8,"fixed"
"Year1","Salix pulchra",4.2070343887496,2.67644300311216,0.424643947303759,10.8621111979744,1.00026430294403,1490.60636492825,1644.1292375999,8,"random"
"Sigma1","Salix pulchra",3.54534892357564,1.25376234374977,1.86493315236144,6.68383118186839,1.00064405909501,1720.66223331745,2655.66625698027,8,"residual"
