"","Site","index_year_estimate","index_year_error","index_year_Q_25","index_year_Q_97"
"1","ANWR",-0.000891103904228075,0.0465611221555702,-0.0948146428271492,0.0978676577003706
"2","CG",-0.036174587957281,0.0508586826040951,-0.147099279353416,0.0522743014288344
"3","KP",-0.0197382326053199,0.0513146334479626,-0.140836717137995,0.0657510934848117
"4","QHI",0.0590571105145992,0.0558077043948433,-0.0224749421309157,0.184571239713962
"5","TOOLIK",-0.00105262813317207,0.0433542004314634,-0.0905837214343445,0.0903960414028415
