"","YEAR","SiteSubsite","mean_cov"
"1",1989,"TOOLIK:IMNAVAIT",2.03741053143152
"2",1990,"TOOLIK:TUSSOCKGRID",1.97367264593447
"3",1994,"TOOLIK:MOIST",0.592849084518398
"4",1995,"TOOLIK:IMNAVAIT",1.84226397094662
"5",1996,"TOOLIK:MOIST",0.653779762381188
"6",1996,"TOOLIK:TUSSOCKGRID",1.66803105975546
"7",1998,"TOOLIK:MOIST",0.452060871435751
"8",1999,"QHI:HE",0.845052436136957
"9",2000,"TOOLIK:MOIST",0.331585964965253
"10",2001,"TOOLIK:IMNAVAIT",1.56393515020489
"11",2002,"TOOLIK:MOIST",0.279450198745508
"12",2002,"TOOLIK:TUSSOCKGRID",1.17955734247698
"13",2004,"QHI:HE",1.03560692437972
"14",2007,"TOOLIK:IMNAVAIT",1.22000283552074
"15",2008,"TOOLIK:MOIST",0.646022330606169
"16",2008,"TOOLIK:TUSSOCKGRID",1.11323963928554
"17",2009,"QHI:HE",0.575649868536694
"18",2013,"QHI:HE",0.395860952129851
"19",2014,"QHI:HE",0.555787429693818
"20",2015,"QHI:HE",0.50105608698963
"21",2016,"QHI:HE",0.533822053097066
"22",2017,"QHI:HE",0.586841555999072
"23",2017,"QHI:KO",0.0237868696479543
"24",2018,"QHI:HE",0.567216167650147
"25",2019,"QHI:HE",0.497770222840178
"26",2022,"QHI:HE",0.620673576835932
