"","YEAR","SiteSubsite","max_cov"
"1",1989,"TOOLIK:IMNAVAIT",4
"2",1990,"TOOLIK:TUSSOCKGRID",7.48299319727891
"3",1994,"TOOLIK:MOIST",1.15942028985507
"4",1995,"TOOLIK:IMNAVAIT",3.32778702163062
"5",1996,"TOOLIK:MOIST",0.760135135135135
"6",1996,"TOOLIK:TUSSOCKGRID",3.3033033033033
"7",1998,"TOOLIK:MOIST",0.524109014675052
"8",1999,"QHI:HE",1.44131777625257
"9",2000,"TOOLIK:MOIST",0.343938091143594
"10",2001,"TOOLIK:IMNAVAIT",2.68096514745308
"11",2002,"TOOLIK:MOIST",0.350740452065472
"12",2002,"TOOLIK:TUSSOCKGRID",3.57142857142857
"13",2004,"QHI:HE",1.33988387673068
"14",2007,"TOOLIK:IMNAVAIT",2.59433962264151
"15",2008,"TOOLIK:MOIST",0.937672366243795
"16",2008,"TOOLIK:TUSSOCKGRID",2.54237288135593
"17",2009,"QHI:HE",0.76659598760398
"18",2013,"QHI:HE",0.582483877678386
"19",2014,"QHI:HE",0.75654704170708
"20",2015,"QHI:HE",0.700560448358687
"21",2016,"QHI:HE",0.844900422450211
"22",2017,"QHI:HE",0.810445745159838
"23",2017,"QHI:KO",0.0237868696479543
"24",2018,"QHI:HE",0.678525582248304
"25",2019,"QHI:HE",0.742682394058541
"26",2022,"QHI:HE",0.864055299539171
