"","year","month","mean_soil_moist_month","mean_ground_temp_month","mean_soil_temp_month","mean_air_temp_month"
"1","2017",7,0.0624852430555556,12.7187534722222,12.0793611111111,"11.7276822916667"
"2","2019",7,0.0807912634408602,15.6967217741935,14.5730221774194,"15.7024798387097"
"3","2020",7,0.0623778225806452,10.0565793010753,13.4034596774194,"13.366625672043"
"4","2021",7,0.0330667803970223,13.9877101943755,14.540861662531,"15.2724492866005"
"5","2022",7,40.04,12.055,13.63,"NA"
